{"cam_K": [602.7490234375, 0.0, 320.9173889160156, 0.0, 602.59765625, 238.566162109375, 0.0, 0.0, 1.0], "depth_scale": 1.0}